identifiant,texte,langue,commune,date,canal
RBT-001,أقترح إعادة تهيئة الأرصفة في حي المسيرة وتوسيعها، لأن الراجلين يضطرون إلى المشي وسط الطريق.,,Témara,,fictif
RBT-002,فحي الوفاق كنخافو نرجعو بالليل، الزنقة خاوية وما كاين حتى شي حركة. صاحبي يوسف تسرق ليه التيليفون الشهر اللي فات. اتصلو بيا على 0600000001.,,,,fictif
RBT-003,"Le marché de quartier à Nahda est saturé le week-end, les étals débordent sur la chaussée. Je m'appelle Samira, joignable au 06 00 00 00 02 ou samira.contribution@example.com.",,,,fictif
RBT-004,المركز الصحي فالفردوس ديما عامر، كتسنى من الصباح حتى للعشية باش تشوف الطبيب.,,Témara,,fictif
RBT-005,"Nqtar7o ydiro chi toilettes publiques f lblassa dyal lmdina, ila bghiti tqdi chi 7aja makaynch fin.",,,,fictif
RBT-006,نطالب بتنظيم حركة السير قرب حي المغرب العربي في أوقات الذروة، فالازدحام يدوم أكثر من نصف ساعة.,,,,fictif
RBT-007,"Dans le quartier Jasmin, il n'y a aucun commerce de proximité : il faut prendre la voiture pour acheter du pain.",,Témara,,fictif
RBT-008,نطلب إصلاح أعمدة الإنارة في كيش الوداية، فعدة أزقة تبقى مظلمة بعد غروب الشمس.,,,,fictif
RBT-009,"F Oulad Mtaa bghina chwiya dyal l2aman, lbnat kaykhafo ymchiw l9raya bo7dhom f sba7.",,,,fictif
RBT-010,"Nous demandons des horaires d'ouverture plus larges pour le centre de santé du quartier Massira, notamment le samedi.",,Témara,,fictif
RBT-011,"Les vendeurs ambulants occupent tout le trottoir près du rond-point de Wifaq, les poussettes ne passent plus.",,Témara,,fictif
RBT-012,الجردة لي فالنهضة ولات غير التراب، لا شجر لا كراسي، الدراري ما عندهم فين يلعبو.,,,,fictif
RBT-013,تكاثرت الكلاب الضالة في حي الفردوس، ويخاف الأطفال من المرور قرب الأرض الخالية.,,Témara,,fictif
RBT-014,أقترح تحويل الأرض الفارغة في تابريكت إلى ملعب قرب للشباب مع إنارة ليلية.,,Tabriquet,,fictif
RBT-015,الحديقة الصغيرة في حي القدس مهملة، وتحولت ليلاً إلى مكان للضجيج يزعج السكان المجاورين.,,Tabriquet,,fictif
RBT-016,لا توجد منحدرات على أرصفة شارع الطيران، ويستحيل على مستعملي الكراسي المتحركة عبور الطريق.,,,,fictif
RBT-017,"Bghina dar chabab fiha takwin f l'informatique, drari dyal l7ouma ga3 bla khdma.",,Tabriquet,,fictif
RBT-018,الورشة المجاورة لمنزلي تشتغل حتى منتصف الليل والضجيج لا يطاق. أنا كريم، رقم بطاقتي ZZ000018 إن احتجتم للتواصل.,,,,fictif
RBT-019,Les anciennes maisons du vieux Tabriquet mériteraient d'être recensées et protégées avant qu'elles ne disparaissent.,,Tabriquet,,fictif
RBT-020,نطلب سوقاً نموذجياً منظماً قرب شارع الريانة. للتواصل: 0600000020 أو tabriquet.voisins@example.com.,,,,fictif
RBT-021,"À Hay El-Qods, les marches devant les commerces et les étals sur le trottoir rendent les courses impossibles en fauteuil roulant.",,,,fictif
RBT-022,"Merci de limiter les klaxons et les travaux de nuit sur l'avenue de l'Aviation, le bruit empêche les enfants de dormir.",,,,fictif
RBT-023,بغينا شي مصعد فالمحطة ديال تابريكت، الشيباني والناس لي عندهم إعاقة ما يقدروش يطلعو الدروج.,,,,fictif
RBT-024,نطالب بتهيئة ممرات آمنة للأشخاص في وضعية إعاقة بشارع الريانة، مع علامات أرضية للمكفوفين.,,,,fictif
RBT-025,"À Salé El Jadida, le seul terrain de football est fermé depuis des mois et les jeunes jouent dans la rue.",,,,fictif
RBT-026,"F Qaria lkra wla ghali bzaf, w zid 3liha ma kaynch fin t7et tomobil 9dam dar. Bghina 7al.",,Hssaine,,fictif
RBT-027,Un parcours de marche éclairé à Salé El Jadida permettrait aux habitants de faire du sport et de prendre soin de leur santé.,,Hssaine,,fictif
RBT-028,"Wlidi f kursi roulant, bghina rampe f l'entrée dyal l'idara f Qaria, ma n9drouch ndkhlo.",,Hssaine,,fictif
RBT-029,الواد الحار كيطلع فالزنقة ديالنا فسلا الجديدة كل ما طاحت الشتا. أنا ساكن فالرقم 00 زنقة الأمل، والتيليفون ديالي 0600000029.,,Hssaine,,fictif
RBT-030,"Bnti 3andha i3a9a w lmadrasa f Salé El Jadida ma fihach ascenseur, kat9ra f tabe9 tani. Hadchi s3ib bzaf.",,Hssaine,,fictif
RBT-031,Le souk de Qaria n'a ni toiture ni point d'eau : en été les produits s'abîment et en hiver tout est boueux.,,,,fictif
RBT-032,القاعة الرياضية في سلا الجديدة غير مجهزة لاستقبال الأشخاص في وضعية إعاقة، فلا منحدر ولا مرافق ملائمة.,,Hssaine,,fictif
RBT-033,"Les bennes de Qaria débordent depuis une semaine. Mon voisin Rachid a déjà signalé le problème, vous pouvez le joindre au +212 600 000 033.",,Hssaine,,fictif
RBT-034,نطلب توفير طبيب للأطفال في المركز الصحي بسلا الجديدة، فأقرب طبيب أطفال بعيد جداً.,,,,fictif
RBT-035,Bravo pour la restauration des remparts : la promenade le long des murs est devenue très agréable.,,,,fictif
RBT-036,"Zan9a dyalna mdlma kolha, ddaw ma khdamch chhal hadi, ki nrj3o mn lkhdma kankhafo.",,Layayda,,fictif
RBT-037,الطريق الرئيسي في العيايدة مليء بالحفر، وتتضرر السيارات كل يوم.,,,,fictif
RBT-038,"Il faudrait des formations courtes pour les jeunes du secteur Nahda. Je suis Hamza, 23 ans, inscrit sous la carte ZZ000038, et je cherche un stage.",,,,fictif
RBT-039,"Tumubilin bahra gant ɣ Layayda. Nra yan uḍu azeggaɣ ɣ ubrid amqqran, acku ur nzdar ad nzri.",,,,fictif
RBT-040,نطلب تنظيم الباعة المتجولين في قطاع النهضة داخل سوق مهيكل، فذلك يوفر عملاً قاراً للشباب.,,Layayda,,fictif
RBT-041,"Les ordures ne sont ramassées qu'une fois par semaine devant chez nous, au n° 00 de la rue des Oliviers. La plaque 00000-ب-99 d'une camionnette qui dépose des gravats revient souvent.",,,,fictif
RBT-042,Un éclairage du carrefour de l'avenue de l'Aviation et des feux de signalisation réduiraient les accrochages le soir.,,,,fictif
RBT-043,الطوبيس فالعيايدة ما فيهش بلاصة للكرسي المتحرك، والسائق ما كيقدرش يعاون.,,,,fictif
RBT-044,Les trottoirs trop hauts et sans rampe empêchent ma mère âgée de sortir seule.,,,,fictif
RBT-045,من نهار سدو الورشة لي كانت قدام الدار فقطاع النهضة، ولينا كنعسو مزيان. شكرا.,,,,fictif
RBT-046,نطلب ربط الأزقة الجديدة في العيايدة بشبكة التطهير، فالمياه العادمة تتجمع أمام المنازل.,,Layayda,,fictif
RBT-047,Je propose d'abaisser les bordures de trottoir aux passages piétons de Hay Al Fath pour les fauteuils et les poussettes.,,,,fictif
RBT-048,شباب يعقوب المنصور يقضون اليوم في المقاهي بلا عمل ولا تكوين، ولا توجد أي مبادرة قريبة منهم.,,,,fictif
RBT-049,شارع المجد مليان بالحفر والضو طافي، البارح طاحت جارتنا فاطمة. إلا بغيتو تفاصيل: 0600000049.,,,,fictif
RBT-050,Coupures d'eau répétées à Hay Al Fath sans aucune information préalable aux habitants.,,Yacoub El Mansour,,fictif
RBT-051,"Drari f Avenue Al Fadila 9raw w ma l9aw walo, khasna chi centre dyal takwin 9rib.",,Yacoub El Mansour,,fictif
RBT-052,نطلب إزالة بقايا الأشغال من أرصفة حي الفتح وتنظيفها، فهي متروكة منذ أسابيع.,,,,fictif
RBT-053,لا تتوفر فرص للتدريب المهني للنساء في حينا، ونضطر للتنقل بعيداً.,,,,fictif
RBT-054,بغينا جردة فيها الشجر والكراسي فيعقوب المنصور، باش العائلات يتنفسو شوية.,,Yacoub El Mansour,,fictif
RBT-055,نشكر على تنظيم الاحتفالات الصيفية قرب باب البحر، فقد كانت فرصة جميلة للعائلات.,,,,fictif
RBT-056,أصبح مدخل الإدارة في حينا مجهزاً بمنحدر، وهذا سهّل على والدي قضاء أغراضه. شكراً.,,Bab Lamrissa,,fictif
RBT-057,"Les façades anciennes autour de Souk Laghzal se dégradent. Contact : leila.patrimoine@example.com, 06 00 00 00 57.",,,,fictif
RBT-058,نطلب صيدلية حراسة مفتوحة ليلاً في باب لمريسة، فالمرضى يضطرون للتنقل إلى أحياء أخرى.,,Bab Lamrissa,,fictif
RBT-059,"Nqtar7o ydiro rendez-vous b internet l lwra9 f Bab Lamrissa, bach ma nb9awch ntsnaw f sf mn sba7.",,,,fictif
RBT-060,فباب لمريسة البالوعات مفتوحين بلا غطا، خطر على الدراري بالليل. بغينا يسدوهم.,,,,fictif
RBT-061,"Tobis l Bab Lamrissa kayji mra f sa3a w 3amer, kantsnaw bzaf f lmahatta.",,,,fictif
RBT-062,الإنارة ضعيفة جداً في الممر المحاذي لباب البحر، ويتجنبه المارة بعد المغرب.,,,,fictif
RBT-063,Un ralentisseur devant le carrefour principal de Takaddoum éviterait des accidents. Mon fils Anas a failli être renversé ; joignable au 0600000063.,,,,fictif
RBT-064,نطلب فضاءً أخضر بملاعب صغيرة للأطفال في حينا، فلا يوجد أي مكان للعب قريب.,,El Youssoufia,,fictif
RBT-065,أغلق السوق القديم في دوار الحاجة دون بديل، وفقد عدد من الشباب مصدر رزقهم. للتواصل: youssoufia.habitant@example.com.,,,,fictif
RBT-066,"Nra ad gin tiɣammi n lḥmmam i middn ɣ Nahda, ur illi kra n wansa.",,El Youssoufia,,fictif
RBT-067,أقترح أن يتم التسجيل في المدرسة عن بعد بالنسبة لسكان جنان النهضة، بدل الوقوف لساعات في الطابور.,,El Youssoufia,,fictif
RBT-068,"À Mabella, des odeurs d'égout remontent à chaque forte pluie ; une inspection du réseau serait nécessaire.",,El Youssoufia,,fictif
RBT-069,أقترح تخصيص لوحات إرشادية بأسماء الأزقة في حي الطيران، فكثير من الزوار يضيعون الطريق.,,El Youssoufia,,fictif
RBT-070,"Depuis l'éclairage des passages de Takaddoum, on se sent bien plus en sécurité le soir.",,,,fictif
RBT-071,المباني القديمة في وسط الصخيرات تتهدم واحدة تلو الأخرى دون أي حماية.,,,,fictif
RBT-072,Je propose un parking relais à l'entrée de Skhirate pour désengorger le centre en été.,,Skhirate,,fictif
RBT-073,"L9ism dyal wlidi fih ktar mn 45 tilmid, l2ostad ma y9drch ytab3hom kamlin.",,Skhirate,,fictif
RBT-074,"À Skhirate, les loyers augmentent chaque été avec la location saisonnière, les familles du coin n'arrivent plus à se loger.",,,,fictif
RBT-075,نطلب إنارة الطريق المؤدية إلى الشاطئ في الصخيرات، فهي مظلمة تماماً ليلاً.,,,,fictif
RBT-076,"Triq li katdkhl l Skhirate mn jiht l bhar khassha zeft jdid, kolha 7fari.",,Skhirate,,fictif
RBT-077,"Les nouveaux trottoirs du centre de Skhirate sont larges et propres, merci.",,Skhirate,,fictif
RBT-078,نطلب حاويات إضافية للأزبال في سيدي يحيى زعير. اسمي عائشة ورقمي 0600000078.,,,,fictif
RBT-079,"Lma wla kayji mzyan f Sidi Yahya Zaer mn ba3d ma bdlo l9nawat, choukran.",,,,fictif
RBT-080,Le bruit des camions qui traversent Sidi Yahya Zaer la nuit est insupportable. Écrivez-moi : zaer.riverain@example.com.,,,,fictif
RBT-081,"Un marché couvert près de l'école de Sidi Yahya Zaer éviterait aux élèves de traverser au milieu des étals. Je suis Nadia, tél. 06 00 00 00 81.",,Sidi Yahya Zaer,,fictif
RBT-082,"Bghina terrain dyal lkoura f Sidi Yahya Zaer. Smiti Omar, carte ZZ000082, w ana mstaʿd n3awn f tanzim.",,Sidi Yahya Zaer,,fictif
RBT-083,La route qui relie les quartiers sud au centre de Sidi Yahya Zaer devrait être goudronnée avant l'hiver.,,Sidi Yahya Zaer,,fictif
RBT-084,"À Ain El Aouda, des dépôts sauvages s'accumulent sur les terrains vagues à l'entrée de la ville.",,Ain El Aouda,,fictif
RBT-085,"Sur la route Zaer, les camions roulent trop vite à la traversée d'Ain El Aouda, c'est dangereux pour les piétons.",,Ain El Aouda,,fictif
RBT-086,الزبل كيتجمع حدا السوق فعين العودة، والريحة ما كتطاقش فالصيف.,,Ain El Aouda,,fictif
RBT-087,"Il n'y a pas assez de poubelles dans notre rue, les sacs sont posés par terre et éventrés par les chats.",,,,fictif
RBT-088,Pourrait-on ouvrir le guichet des documents d'état civil d'Ain El Aouda le samedi matin pour ceux qui travaillent ?,,Ain El Aouda,,fictif
RBT-089,"Pour un simple certificat, il faut revenir trois fois au guichet d'Ain El Aouda faute d'informations claires.",,,,fictif
RBT-090,Le quartier de l'Océan manque d'arbres ; planter des alignements dans les rues donnerait un peu d'ombre l'été.,,Hassan,,fictif
RBT-091,"Le petit jardin près de la place Bab El Had est mal éclairé et peu entretenu, on n'ose plus s'y asseoir le soir.",,,,fictif
RBT-092,نطلب مكتبة عمومية في حي المحيط، فالتلاميذ لا يجدون مكاناً هادئاً للمراجعة.,,,,fictif
RBT-093,Les caniveaux de notre rue se bouchent à la première pluie ; un curage avant l'hiver est indispensable.,,,,fictif
RBT-094,"Nqtar7o y3awnou nas dyal l9asba f tarmim dyal dyourhom l9dima, kayn chi dyour 9rib ytay7o.",,Hassan,,fictif
RBT-095,Le stationnement en double file sur l'avenue d'Alger bloque la circulation tous les matins.,,,,fictif
RBT-096,بغينا روض ديال الدراري الصغار قريب، الأمهات لي خدامين ما عندهم فين يخليو ولادهم.,,Bettana,,fictif
RBT-097,Les ateliers d'orientation organisés à Bettana cet été ont aidé plusieurs jeunes à trouver une formation.,,,,fictif
RBT-098,"Tarwa nneɣ ur ufin tinml qrib ɣ Bettana, d ilmeẓyen ur ufin axeddim.",,,,fictif
RBT-099,Je propose que les cafés du quartier ferment leur terrasse plus tôt en semaine : moins de bruit et moins d'attroupements la nuit.,,Bettana,,fictif
RBT-100,قُطعت أشجار شارع الأطلس الكبير ولم تُغرس أشجار جديدة، وأصبح الشارع بلا ظل.,,Bettana,,fictif
RBT-101,البنايات غير المكتملة في عامر مهجورة وأصبحت مصدر قلق للسكان ليلاً.,,Ameur,,fictif
RBT-102,ضعف صبيب الماء في عامر خلال الصيف، ولا يصل الماء إلى الطوابق العليا.,,Ameur,,fictif
RBT-103,"Pour aller au marché hebdomadaire d'Ameur, il n'y a aucun bus ; les personnes sans voiture paient des taxis chers.",,,,fictif
RBT-104,"Un jardin public avec des jeux pour enfants à Ameur serait le bienvenu, il n'y en a aucun à proximité.",,Ameur,,fictif
RBT-105,"Il faudrait une permanence de soins le week-end. Ma voisine Khadija, diabétique, a dû attendre lundi ; je reste joignable au 06-00-00-01-05.",,Ameur,,fictif
RBT-106,الأزقة الداخلية لحينا غير معبدة، وتتحول إلى أوحال مع أول مطر.,,,,fictif
RBT-107,نشكر على تهيئة الممرات المنحدرة في الساحة الرئيسية بعين عتيق، فقد أصبح التنقل أسهل للكراسي المتحركة.,,Aïn Attig,,fictif
RBT-108,"Merci de publier en ligne la liste des pièces à fournir pour les démarches à Aïn Attig, on perd beaucoup de temps.",,,,fictif
RBT-109,La nouvelle route goudronnée et les passages piétons devant le collège rendent le trajet des enfants plus sûr.,,Aïn Attig,,fictif
RBT-110,Nqtar7o ydiro blasat dyal parking l nas li 3andhom i3a9a 9dam lidara f Aïn Attig.,,Aïn Attig,,fictif
RBT-111,"Nqtar7o tram ykoun ktar f l3chiya f Agdal, f sa3a dyal lkhrouj mn lkhdma kayb9a 3amer bzaf.",,Agdal-Riyad,,fictif
RBT-112,"Ur illi yan wasun n tiddas i ilmeẓyen ɣ Agdal, ttiran ɣ uzniq.",,,,fictif
RBT-113,Les passages piétons de l'avenue de France devraient avoir des bandes podotactiles pour les personnes malvoyantes.,,Agdal-Riyad,,fictif
RBT-114,تسرب مستمر للماء من قناة في حي الرياض منذ أيام، والماء يضيع في الشارع.,,Agdal-Riyad,,fictif
RBT-115,"Le tramway le long de l'avenue des Nations Unies est ponctuel et confortable, je laisse ma voiture à la maison.",,Agdal-Riyad,,fictif
RBT-116,الطريق بين الأحياء والشاطئ في سيدي بوقنادل معزولة ومظلمة، ونخاف على أبنائنا عند العودة.,,,,fictif
RBT-117,نطلب توسيع الطريق المؤدية إلى حينا وإضافة علامات التشوير، فالحوادث متكررة.,,,,fictif
RBT-118,"Le nouveau rond-point a nettement fluidifié la circulation aux heures de pointe, bravo.",,,,fictif
RBT-119,Je propose des journées de nettoyage de la plage de Sidi Bouknadel avec les associations et des poubelles de tri.,,Sidi Bouknadel,,fictif
RBT-120,يقطع التلاميذ في مرس الخير مسافة طويلة سيراً على الأقدام للوصول إلى الإعدادية.,,Mers El Kheir,,fictif
RBT-121,لا يوجد أي فضاء ثقافي أو رياضي للشباب في مرس الخير. أنا سعيد، بريدي mers.jeunes@example.com.,,,,fictif
RBT-122,"Le chemin vers le centre de santé de Mers El Kheir n'est pas éclairé ; les malades y vont de nuit en urgence. Contact : Mehdi, 06 00 00 01 22.",,Mers El Kheir,,fictif
RBT-123,"À El Arjate, plusieurs lampadaires sont éteints depuis l'hiver dernier. Je joins mon numéro : 0600000123.",,,,fictif
RBT-124,La piste entre les douars et le centre de Shoul est impraticable après la pluie ; un revêtement est nécessaire.,,Shoul,,fictif
RBT-125,نطلب أرصفة ممهدة في مركز السهول، فكبار السن والأشخاص في وضعية إعاقة يجدون صعوبة كبيرة في التنقل.,,Shoul,,fictif
RBT-126,"F Akrach bghina chi salle dyal riyada l lbnat w lwlad, kolchi b3id 3lina.",,,,fictif
RBT-127,"L7di9a li 9rib lina mssdouda mn 3am, ma b9a fin nkhrjo m3a drari.",,,,fictif
RBT-128,"Tobis ur da itteddu bahra ɣ Akrach, nqqim akud iɣzzifn ɣ lmaḥaṭṭa.",,,,fictif
RBT-129,"Choukran 3la l'accès l la plage f Harhoura Centre, daba khti b kursi roulant katnzl l bhar. Smiti Salma, 0600000129.",,,,fictif
RBT-130,"Une navette d'été vers Miramar éviterait les embouteillages et le bruit des voitures garées partout. Mon adresse : n° 00, rue des Mouettes, Harhoura.",,Harhoura,,fictif
RBT-131,الممر المؤدي إلى شاطئ وادي إكم بلا حواجز ولا درج آمن، وهو خطير على كبار السن والأطفال.,,,,fictif
RBT-132,تتراكم الأزبال أمام مدرسة صباح، والتلاميذ يمرون يومياً وسط الروائح.,,Sabbah,,fictif
RBT-133,"À Sabbah, nous demandons l'éclairage de la route principale et la limitation des engins de chantier la nuit.",,,,fictif
RBT-134,فصباح بزاف ديال الديور ما مربوطينش بالواد الحار، بغينا يوصلوهم بالشبكة.,,Sabbah,,fictif
RBT-135,Nqtar7o souk asboui f El Menzeh w guichet sghir l lwra9 bach ma nmchiwch b3id.,,El Menzeh,,fictif
RBT-136,"Les camions de la carrière traversent El Menzeh dès cinq heures du matin, le bruit réveille tout le village.",,El Menzeh,,fictif
RBT-137,بعض الأزقة الداخلية في التواركة ضعيفة الإنارة، ونرجو تعويض المصابيح المعطلة.,,,,fictif
RBT-138,تتجمع مياه الأمطار في بعض أزقة التواركة لأيام بسبب انسداد البالوعات.,,Touarga,,fictif
RBT-139,فأم عزة ما كاين حتى بلاصة خضرا للعائلات، غير الطريق والتراب.,,Oumazza,,fictif
RBT-140,"À Oumazza, les enfants des douars marchent longtemps pour rejoindre l'école, surtout par mauvais temps.",,,,fictif
